GBPUSD,EURUSD,USDJPY,XAUUSD,USDCAD
1.2381216296341593,1.437517871004421,107.90393732387973,1725.3150950919844,1.3785379578792327
1.2336461352833348,1.4289152416202575,107.64116341640712,1717.2331256391042,1.3769497953538434
